"","network_number","dataset_id","type","nnodes","nedges","connectance","linkage_density","network_description","doi","year","first_author","paper_url","ecosystem","bio1","bio2","bio3","bio4","bio5","bio6","bio7","bio8","bio9","bio10","bio11","bio12","bio13","bio14","bio15","bio16","bio17","bio18","bio19","ID","solar_radiation","ID.1","human_footprint","network_number_list","distance","sq_wasserstein_in_out_location_PERC","sq_wasserstein_in_out_size_PERC","sq_wasserstein_in_out_shape_PERC"
"1","Network #5167","Dataset #181","mutualistic",240,120,0.00208333333333333,0.5,"Pollination network at site twin_meadows during week 13 of 2014","10.1111/ele.12740",2020,"Paul CaraDonna","https://onlinelibrary.wiley.com/doi/10.1111/ele.12740","terrestrial",32.3333333333333,295.666666666667,49,10839.3333333333,306.333333333333,-300,606.333333333333,157,-94.6666666666667,158.666666666667,-101,470.333333333333,795.666666666667,262,18912,728,279.666666666667,717.333333333333,284.666666666667,50,16682.3333333333,50,2.02859425544739,"Network #5167",1.07444917160946e-16,0,0,100
"2","Network #944","Dataset #67","mutualistic",209,666,0.0152469036881024,3.1866028708134,"Bird-fruit interaction in the lower montane forests of Monteverde, Costa Rica","10.2307/2388051",1984,"wheelwright","http://download.bioon.com.cn/upload/month_0910/20091008_db07aa6c85868f647dc6uVyGu2wEUWil.attach.pdf","terrestrial",274,118.333333333333,56.6666666666667,1925.66666666667,402.666666666667,191.333333333333,211.666666666667,267.666666666667,294.666666666667,302,255.333333333333,1750.33333333333,1942,1467.33333333333,16217.6666666667,1907.33333333333,1525,1590.33333333333,1730.33333333333,51,19747.25,51,11.5292406082153,"Network #944",0.0393264292365745,21.4713837309944,43.2537284905303,35.2748877784753
"3","Network #1602","Dataset #167","mutualistic",67,134,0.0298507462686567,2,"Plant-pollinator system at two sites in Black River Gorges National Park, Mauritius","10.1111/j.1461-0248.2009.01437.x",2010,"kaiser-bunbury","https://onlinelibrary.wiley.com/doi/full/10.1111/j.1461-0248.2009.01437.x","terrestrial",262,62,48.6666666666667,2155.33333333333,327.333333333333,202.333333333333,124.666666666667,285.666666666667,237.666666666667,287.333333333333,235.666666666667,1483.66666666667,1802.33333333333,1216.33333333333,20413.6666666667,1747,1253,1723,1264.66666666667,52,18401,52,11.8654489517212,"Network #1602",0.0233864057936688,12.6070786893915,18.2377820564519,69.1551392541566
"4","Network #1603","Dataset #167","mutualistic",87,144,0.0190249702734839,1.6551724137931,"Plant-pollinator system at two sites in Black River Gorges National Park, Mauritius","10.1111/j.1461-0248.2009.01437.x",2010,"kaiser-bunbury","https://onlinelibrary.wiley.com/doi/full/10.1111/j.1461-0248.2009.01437.x","terrestrial",262,62,48.6666666666667,2155.33333333333,327.333333333333,202.333333333333,124.666666666667,285.666666666667,237.666666666667,287.333333333333,235.666666666667,1483.66666666667,1802.33333333333,1216.33333333333,20413.6666666667,1747,1253,1723,1264.66666666667,53,18401,53,11.8654489517212,"Network #1603",0.00658464532853411,1.14343166314944,5.51214749013026,93.3444208467203
"5","Network #1612","Dataset #167","mutualistic",48,99,0.04296875,2.0625,"Plant-pollinator system at two sites in Black River Gorges National Park, Mauritius","10.1111/j.1461-0248.2009.01437.x",2010,"kaiser-bunbury","https://onlinelibrary.wiley.com/doi/full/10.1111/j.1461-0248.2009.01437.x","terrestrial",262,62,48.6666666666667,2155.33333333333,327.333333333333,202.333333333333,124.666666666667,285.666666666667,237.666666666667,287.333333333333,235.666666666667,1483.66666666667,1802.33333333333,1216.33333333333,20413.6666666667,1747,1253,1723,1264.66666666667,54,18401,54,11.8654489517212,"Network #1612",0.0888145262753572,28.8712311241806,17.2597855142894,53.86898336153
"6","Network #1613","Dataset #167","mutualistic",51,131,0.0503652441368704,2.56862745098039,"Plant-pollinator system at two sites in Black River Gorges National Park, Mauritius","10.1111/j.1461-0248.2009.01437.x",2010,"kaiser-bunbury","https://onlinelibrary.wiley.com/doi/full/10.1111/j.1461-0248.2009.01437.x","terrestrial",262,62,48.6666666666667,2155.33333333333,327.333333333333,202.333333333333,124.666666666667,285.666666666667,237.666666666667,287.333333333333,235.666666666667,1483.66666666667,1802.33333333333,1216.33333333333,20413.6666666667,1747,1253,1723,1264.66666666667,55,18401,55,11.8654489517212,"Network #1613",0.0355024610712808,16.4713957528492,22.6301601034774,60.8984441436734
"7","Network #1634","Dataset #168","mutualistic",19,24,0.0664819944598338,1.26315789473684,"Plant-pollinator network on Mahé in the Seychelles, Indian Ocean","10.1890/14-0024.1 ",2014,"kaiser-bunbury","https://esajournals.onlinelibrary.wiley.com/doi/full/10.1890/14-0024.1","terrestrial",278.333333333333,29,48.6666666666667,1017,309.333333333333,249.666666666667,59.6666666666667,287.333333333333,269.333333333333,290,265,1780.66666666667,1905.66666666667,1662,7441.66666666667,1865.33333333333,1696.66666666667,1848.66666666667,1713.66666666667,56,20610.5,56,NA,"Network #1634",0.0313722198185145,28.3440546359972,1.99936771841516,69.6565776455876
"8","Network #1635","Dataset #168","mutualistic",26,39,0.0576923076923077,1.5,"Plant-pollinator network on Mahé in the Seychelles, Indian Ocean","10.1890/14-0024.1 ",2014,"kaiser-bunbury","https://esajournals.onlinelibrary.wiley.com/doi/full/10.1890/14-0024.1","terrestrial",278.333333333333,29,48.6666666666667,1017,309.333333333333,249.666666666667,59.6666666666667,287.333333333333,269.333333333333,290,265,1780.66666666667,1905.66666666667,1662,7441.66666666667,1865.33333333333,1696.66666666667,1848.66666666667,1713.66666666667,57,20610.5,57,NA,"Network #1635",0.101644651958167,43.4211739909934,15.8497302170293,40.7290957919772
"9","Network #1636","Dataset #168","mutualistic",17,18,0.0622837370242214,1.05882352941176,"Plant-pollinator network on Mahé in the Seychelles, Indian Ocean","10.1890/14-0024.1 ",2014,"kaiser-bunbury","https://esajournals.onlinelibrary.wiley.com/doi/full/10.1890/14-0024.1","terrestrial",278.333333333333,29,48.6666666666667,1017,309.333333333333,249.666666666667,59.6666666666667,287.333333333333,269.333333333333,290,265,1780.66666666667,1905.66666666667,1662,7441.66666666667,1865.33333333333,1696.66666666667,1848.66666666667,1713.66666666667,58,20610.5,58,NA,"Network #1636",0.0377158183191708,12.4874051206048,6.7520237926178,80.7605710867774
"10","Network #1637","Dataset #168","mutualistic",24,33,0.0572916666666667,1.375,"Plant-pollinator network on Mahé in the Seychelles, Indian Ocean","10.1890/14-0024.1 ",2014,"kaiser-bunbury","https://esajournals.onlinelibrary.wiley.com/doi/full/10.1890/14-0024.1","terrestrial",278.333333333333,29,48.6666666666667,1017,309.333333333333,249.666666666667,59.6666666666667,287.333333333333,269.333333333333,290,265,1780.66666666667,1905.66666666667,1662,7441.66666666667,1865.33333333333,1696.66666666667,1848.66666666667,1713.66666666667,59,20610.5,59,NA,"Network #1637",0.0932174885446023,26.8934991017799,13.3717343720265,59.7347665261936
"11","Network #1638","Dataset #168","mutualistic",27,41,0.056241426611797,1.51851851851852,"Plant-pollinator network on Mahé in the Seychelles, Indian Ocean","10.1890/14-0024.1 ",2014,"kaiser-bunbury","https://esajournals.onlinelibrary.wiley.com/doi/full/10.1890/14-0024.1","terrestrial",278.333333333333,29,48.6666666666667,1017,309.333333333333,249.666666666667,59.6666666666667,287.333333333333,269.333333333333,290,265,1780.66666666667,1905.66666666667,1662,7441.66666666667,1865.33333333333,1696.66666666667,1848.66666666667,1713.66666666667,60,20610.5,60,NA,"Network #1638",0.0584817225091013,25.0693729582879,17.7326468734282,57.1979801682839
"12","Network #1669","Dataset #168","mutualistic",35,57,0.046530612244898,1.62857142857143,"Plant-pollinator network on Mahé in the Seychelles, Indian Ocean","10.1890/14-0024.1 ",2014,"kaiser-bunbury","https://esajournals.onlinelibrary.wiley.com/doi/full/10.1890/14-0024.1","terrestrial",278.333333333333,29,48.6666666666667,1017,309.333333333333,249.666666666667,59.6666666666667,287.333333333333,269.333333333333,290,265,1780.66666666667,1905.66666666667,1662,7441.66666666667,1865.33333333333,1696.66666666667,1848.66666666667,1713.66666666667,61,20610.5,61,NA,"Network #1669",0.0766020701642323,25.8860338566083,17.66639663287,56.4475695105217
"13","Network #1670","Dataset #168","mutualistic",23,32,0.0604914933837429,1.39130434782609,"Plant-pollinator network on Mahé in the Seychelles, Indian Ocean","10.1890/14-0024.1 ",2014,"kaiser-bunbury","https://esajournals.onlinelibrary.wiley.com/doi/full/10.1890/14-0024.1","terrestrial",278.333333333333,29,48.6666666666667,1017,309.333333333333,249.666666666667,59.6666666666667,287.333333333333,269.333333333333,290,265,1780.66666666667,1905.66666666667,1662,7441.66666666667,1865.33333333333,1696.66666666667,1848.66666666667,1713.66666666667,62,20610.5,62,NA,"Network #1670",0.0414939869489941,42.5343235888547,0.491842953196558,56.9738334579488
"14","Network #5181","Dataset #181","mutualistic",272,136,0.00183823529411765,0.5,"Pollination network at site shady_point during week 12 of 2015","10.1111/ele.12740",2020,"Paul CaraDonna","https://onlinelibrary.wiley.com/doi/10.1111/ele.12740","terrestrial",32.3333333333333,295.666666666667,49,10839.3333333333,306.333333333333,-300,606.333333333333,157,-94.6666666666667,158.666666666667,-101,470.333333333333,795.666666666667,262,18912,728,279.666666666667,717.333333333333,284.666666666667,66,16682.3333333333,66,2.02859425544739,"Network #5181",1.07852980679416e-16,0,0,100
"15","Network #27","Dataset #12","mutualistic",114,167,0.012850107725454,1.46491228070175,"Understory perennial plants interaction with pollinator, 5 km east of Doaktown, Northumberland County, central New Brunswick, Canada","10.1139/b87-278",1987,"barret","http://labs.eeb.utoronto.ca/barrett/pdf/schb_57.pdf","terrestrial",41.3333333333333,271.666666666667,44.6666666666667,12042,296.666666666667,-317.666666666667,614.333333333333,170.333333333333,-116.333333333333,172.333333333333,-118.333333333333,646,1175.66666666667,216,33636.3333333333,1086,261.666666666667,1080.33333333333,267.666666666667,72,12304.1666666667,72,4.33520078659058,"Network #27",0.187149135261767,29.8945440354366,39.1864306309463,30.9190253336171
"16","Network #15","Dataset #5","mutualistic",317,1121,0.0111554498502324,3.53627760252366,"Fruit-bird interaction at the Intervales State Park, Brazil","10.1079/9780851995250.0423",2002,"silva","https://www.researchgate.net/publication/237371343_Patterns_of_Fruit-Frugivore_Interactions_in_Two_Atlantic_Forest_Bird_Communities_of_South-eastern_BrazilImplications_for_Conservation","terrestrial",206.666666666667,199.666666666667,60.6666666666667,3339.33333333333,357.333333333333,26.3333333333333,331,233.333333333333,168.666666666667,241,162.666666666667,1236.33333333333,1595.66666666667,868.333333333333,24971.6666666667,1537.33333333333,933,1443.66666666667,971.333333333333,73,13786.5,73,4,"Network #15",0.0188251748805967,10.4674135438661,28.4452065335329,61.087379922601
"17","Network #908","Dataset #7","mutualistic",43,63,0.0340724716062737,1.46511627906977,"Pollnator activity recorded on flowers, Uummannaq Island, Greenland, Danmark","10.1657/1523-0430(2005)037[0514:TDAHCW]2.0.CO;2",2005,"lundgren","http://www.bioone.org/doi/full/10.1657/1523-0430%282005%29037%5B0514%3ATDAHCW%5D2.0.CO%3B2","terrestrial",-13.6666666666667,167.333333333333,37,8940.66666666667,200,-264.333333333333,464.666666666667,99.6666666666667,-117.666666666667,101.666666666667,-119.333333333333,280.666666666667,478.666666666667,130,11832,445.333333333333,158,444.666666666667,159,74,8556.58333333333,74,NA,"Network #908",0.0370847801009469,32.3678665594975,13.7733287011645,53.8588047393381
"18","Network #928","Dataset #59","mutualistic",45,96,0.0474074074074074,2.13333333333333,"Bromeliad-pollinator interaction in the Estacao Biologica de Santa Lucia in southeastern Brazil","10.1016/j.actao.2012.06.001",2012,"varassin","https://doi.org/10.1016%2Fj.actao.2012.06.001","terrestrial",219.333333333333,142.666666666667,65,2120.33333333333,326.333333333333,104.333333333333,221.666666666667,239,196,241.666666666667,192,1432,1705,1142.66666666667,18892.3333333333,1654.33333333333,1200.66666666667,1615,1216,75,14924,75,9.40860462188721,"Network #928",0.0144829810884977,18.8301046391137,9.71736309766455,71.4525322632218
"19","Network #929","Dataset #60","mutualistic",26,71,0.105029585798817,2.73076923076923,"oil-flowers (Malpighiaceae) and their bee visitors from a Brazilian steppe, Parque Nacional do Catimbau, in the municipality of Buique (PE), northeastern Brazil","10.1111/j.1365-2656.2009.01567.x",2009,"bezerra","http://onlinelibrary.wiley.com/doi/10.1111/j.1365-2656.2009.01567.x/pdf","terrestrial",270.666666666667,186.666666666667,74.3333333333333,2118.33333333333,405.666666666667,154.666666666667,251.333333333333,263.333333333333,279.333333333333,292.333333333333,243,1263,1495.33333333333,1058.33333333333,13586,1428.33333333333,1113,1183.66666666667,1302,76,17992.4166666667,76,5.48398160934448,"Network #929",0.0088685844742052,4.73805054633956,14.2379018382466,81.0240476154138
"20","Network #945","Dataset #68","mutualistic",57,143,0.0440135426285011,2.50877192982456,"spring wildflower community of mesic deciduous forests in piedmont North Carolina","10.2307/2937269",1982,"motten","https://doi.org/10.2307%2F2937269","terrestrial",155,244.333333333333,51,7854,362.666666666667,-117.333333333333,480,248.333333333333,60.6666666666667,252,59,987.333333333333,1517.33333333333,556.666666666667,32530.3333333333,1427,627.666666666667,1410.33333333333,629.666666666667,77,15078.5833333333,77,24.7403259277344,"Network #945",0.119380484812611,47.325165731051,20.8891036309429,31.7857306380061
"21","Network #940","Dataset #65","mutualistic",156,200,0.00821827744904668,1.28205128205128,"compilation of records on plant-flower visitor interactions in the Galápagos archipelago found in the literature. Pinta Island",NA,1993,"mccullen","null","terrestrial",282.666666666667,120,72,1569.33333333333,368,199.666666666667,168.666666666667,301.666666666667,269,303.333333333333,265.333333333333,1355.33333333333,1609,1133,16536.3333333333,1561.66666666667,1169.33333333333,1547,1213,78,16591.5833333333,78,NA,"Network #940",0.0401039009302747,12.5861950508096,39.0838959485057,48.3299090006846
"22","Network #1598","Dataset #166","mutualistic",49,106,0.0441482715535194,2.16326530612245,"Plant-pollinator network in a sub-alpine desert on the island of Tenerife, Canary Islands","10.1034/j.1600-0587.2003.03443.x",2003,"dupont","https://onlinelibrary.wiley.com/doi/full/10.1034/j.1600-0587.2003.03443.x","terrestrial",236.666666666667,89.6666666666667,51.3333333333333,2481,334,164,170,263.333333333333,216,266,208.333333333333,1109.33333333333,1369.33333333333,859.333333333333,17094.6666666667,1319,915.666666666667,1304,964.333333333333,79,21363.8333333333,79,10.8288450241089,"Network #1598",0.0566918061525097,19.6113925764384,21.9190139614851,58.4695934620765
"23","Network #1599","Dataset #167","mutualistic",50,95,0.038,1.9,"Plant-pollinator system at two sites in Black River Gorges National Park, Mauritius","10.1111/j.1461-0248.2009.01437.x",2010,"kaiser-bunbury","https://onlinelibrary.wiley.com/doi/full/10.1111/j.1461-0248.2009.01437.x","terrestrial",262,62,48.6666666666667,2155.33333333333,327.333333333333,202.333333333333,124.666666666667,285.666666666667,237.666666666667,287.333333333333,235.666666666667,1483.66666666667,1802.33333333333,1216.33333333333,20413.6666666667,1747,1253,1723,1264.66666666667,80,18401,80,11.8654489517212,"Network #1599",0.0544853851186548,9.07126940375901,19.4618243778874,71.4669062183536
"24","Network #948","Dataset #66","mutualistic",456,871,0.00418878885811019,1.91008771929825,"Flower and anthophilous insect interactions in the primary cool-temperate subalpine forests and meadows at Mt. Kushigata, Yamanashi Prefecture, Japan",NA,1993,"kato","https://repository.kulib.kyoto-u.ac.jp/dspace/bitstream/2433/156107/1/cbl02802_119.pdf","terrestrial",89.6666666666667,196.333333333333,46.3333333333333,8504,276,-148.333333333333,424.333333333333,190.666666666667,-16.6666666666667,192,-17.6666666666667,837.666666666667,1472.33333333333,338.333333333333,39096,1361,402.333333333333,1357.33333333333,403.666666666667,81,13570.25,81,10.8143396377563,"Network #948",0.0310361793608515,21.1687883517811,31.7206905042383,47.1105211439806
"25","Network #909","Dataset #9","mutualistic",142,242,0.012001586986709,1.70422535211268,"Flower-visiting insect at Mt. Latnjatjarro, northern Sweden","10.2307/3683041",1999,"elberling","https://www.jstor.org/stable/3683041?seq=1#page_scan_tab_contents","terrestrial",-3.33333333333333,186,41.6666666666667,8548,224,-223.666666666667,447.666666666667,111.666666666667,-89.3333333333333,112,-92,422,831.333333333333,211,22277,742.333333333333,226.333333333333,741.666666666667,228.333333333333,82,7714.66666666667,82,1,"Network #909",0.0654611159638217,35.5685367603694,17.7213097178223,46.7101535218084
"26","Network #1661","Dataset #168","mutualistic",30,46,0.0511111111111111,1.53333333333333,"Plant-pollinator network on Mahé in the Seychelles, Indian Ocean","10.1890/14-0024.1 ",2014,"kaiser-bunbury","https://esajournals.onlinelibrary.wiley.com/doi/full/10.1890/14-0024.1","terrestrial",278.333333333333,29,48.6666666666667,1017,309.333333333333,249.666666666667,59.6666666666667,287.333333333333,269.333333333333,290,265,1780.66666666667,1905.66666666667,1662,7441.66666666667,1865.33333333333,1696.66666666667,1848.66666666667,1713.66666666667,85,20610.5,85,NA,"Network #1661",0.0927626940847127,30.07675914453,14.9849817704898,54.9382590849802
"27","Network #1662","Dataset #168","mutualistic",35,58,0.0473469387755102,1.65714285714286,"Plant-pollinator network on Mahé in the Seychelles, Indian Ocean","10.1890/14-0024.1 ",2014,"kaiser-bunbury","https://esajournals.onlinelibrary.wiley.com/doi/full/10.1890/14-0024.1","terrestrial",278.333333333333,29,48.6666666666667,1017,309.333333333333,249.666666666667,59.6666666666667,287.333333333333,269.333333333333,290,265,1780.66666666667,1905.66666666667,1662,7441.66666666667,1865.33333333333,1696.66666666667,1848.66666666667,1713.66666666667,86,20610.5,86,NA,"Network #1662",0.0539338643885794,15.3008842144371,16.4233532774014,68.2757625081616
"28","Network #1663","Dataset #168","mutualistic",13,11,0.0650887573964497,0.846153846153846,"Plant-pollinator network on Mahé in the Seychelles, Indian Ocean","10.1890/14-0024.1 ",2014,"kaiser-bunbury","https://esajournals.onlinelibrary.wiley.com/doi/full/10.1890/14-0024.1","terrestrial",278.333333333333,29,48.6666666666667,1017,309.333333333333,249.666666666667,59.6666666666667,287.333333333333,269.333333333333,290,265,1780.66666666667,1905.66666666667,1662,7441.66666666667,1865.33333333333,1696.66666666667,1848.66666666667,1713.66666666667,87,20610.5,87,NA,"Network #1663",0.150375629646635,40.293574243855,2.53924766985017,57.1671780862948
"29","Network #5198","Dataset #181","mutualistic",274,137,0.00182481751824818,0.5,"Pollination network at site twin_meadows during week 13 of 2015","10.1111/ele.12740",2020,"Paul CaraDonna","https://onlinelibrary.wiley.com/doi/10.1111/ele.12740","terrestrial",32.3333333333333,295.666666666667,49,10839.3333333333,306.333333333333,-300,606.333333333333,157,-94.6666666666667,158.666666666667,-101,470.333333333333,795.666666666667,262,18912,728,279.666666666667,717.333333333333,284.666666666667,88,16682.3333333333,88,2.02859425544739,"Network #5198",1.0563947464852e-16,0,0,100
"30","Network #1646","Dataset #168","mutualistic",29,46,0.0546967895362663,1.58620689655172,"Plant-pollinator network on Mahé in the Seychelles, Indian Ocean","10.1890/14-0024.1 ",2014,"kaiser-bunbury","https://esajournals.onlinelibrary.wiley.com/doi/full/10.1890/14-0024.1","terrestrial",278.333333333333,29,48.6666666666667,1017,309.333333333333,249.666666666667,59.6666666666667,287.333333333333,269.333333333333,290,265,1780.66666666667,1905.66666666667,1662,7441.66666666667,1865.33333333333,1696.66666666667,1848.66666666667,1713.66666666667,93,20610.5,93,NA,"Network #1646",0.00924824943849908,3.33196885692962e-29,6.4425896889196,93.5574103110804
"31","Network #1647","Dataset #168","mutualistic",16,21,0.08203125,1.3125,"Plant-pollinator network on Mahé in the Seychelles, Indian Ocean","10.1890/14-0024.1 ",2014,"kaiser-bunbury","https://esajournals.onlinelibrary.wiley.com/doi/full/10.1890/14-0024.1","terrestrial",278.333333333333,29,48.6666666666667,1017,309.333333333333,249.666666666667,59.6666666666667,287.333333333333,269.333333333333,290,265,1780.66666666667,1905.66666666667,1662,7441.66666666667,1865.33333333333,1696.66666666667,1848.66666666667,1713.66666666667,94,20610.5,94,NA,"Network #1647",0.0434565279078265,6.97605471049505,8.81100140024084,84.2129438892641
"32","Network #1648","Dataset #168","mutualistic",20,28,0.07,1.4,"Plant-pollinator network on Mahé in the Seychelles, Indian Ocean","10.1890/14-0024.1 ",2014,"kaiser-bunbury","https://esajournals.onlinelibrary.wiley.com/doi/full/10.1890/14-0024.1","terrestrial",278.333333333333,29,48.6666666666667,1017,309.333333333333,249.666666666667,59.6666666666667,287.333333333333,269.333333333333,290,265,1780.66666666667,1905.66666666667,1662,7441.66666666667,1865.33333333333,1696.66666666667,1848.66666666667,1713.66666666667,95,20610.5,95,NA,"Network #1648",0.0843799928353455,53.9359030284809,3.21852769302883,42.8455692784902
"33","Network #1649","Dataset #168","mutualistic",19,21,0.0581717451523546,1.10526315789474,"Plant-pollinator network on Mahé in the Seychelles, Indian Ocean","10.1890/14-0024.1 ",2014,"kaiser-bunbury","https://esajournals.onlinelibrary.wiley.com/doi/full/10.1890/14-0024.1","terrestrial",278.333333333333,29,48.6666666666667,1017,309.333333333333,249.666666666667,59.6666666666667,287.333333333333,269.333333333333,290,265,1780.66666666667,1905.66666666667,1662,7441.66666666667,1865.33333333333,1696.66666666667,1848.66666666667,1713.66666666667,96,20610.5,96,NA,"Network #1649",0.147363145910029,46.9941633877768,6.37779242400388,46.6280441882193
"34","Network #1650","Dataset #168","mutualistic",27,36,0.0493827160493827,1.33333333333333,"Plant-pollinator network on Mahé in the Seychelles, Indian Ocean","10.1890/14-0024.1 ",2014,"kaiser-bunbury","https://esajournals.onlinelibrary.wiley.com/doi/full/10.1890/14-0024.1","terrestrial",278.333333333333,29,48.6666666666667,1017,309.333333333333,249.666666666667,59.6666666666667,287.333333333333,269.333333333333,290,265,1780.66666666667,1905.66666666667,1662,7441.66666666667,1865.33333333333,1696.66666666667,1848.66666666667,1713.66666666667,97,20610.5,97,NA,"Network #1650",0.0813175046648433,34.1596534378005,16.1778695396202,49.6624770225793
"35","Network #951","Dataset #69","mutualistic",68,91,0.0196799307958478,1.33823529411765,"Plant-polinator interaction in subnival feldfield in the Andrean zone on the Cordon del Cepo in central Chile","10.2307/2442833",1982,"arroyo","http://www.jstor.org/stable/2442833","terrestrial",135.666666666667,264.666666666667,61.6666666666667,5488.66666666667,345,-86,431,187.666666666667,87,201.333333333333,69.3333333333333,457,583.333333333333,351.333333333333,7342,540.666666666667,384,524.333333333333,397.333333333333,98,16673.6666666667,98,8.32347774505615,"Network #951",0.0816428128195356,40.0983595255514,17.7286626969498,42.1729777774988
"36","Network #1614","Dataset #167","mutualistic",56,114,0.0363520408163265,2.03571428571429,"Plant-pollinator system at two sites in Black River Gorges National Park, Mauritius","10.1111/j.1461-0248.2009.01437.x",2010,"kaiser-bunbury","https://onlinelibrary.wiley.com/doi/full/10.1111/j.1461-0248.2009.01437.x","terrestrial",262,62,48.6666666666667,2155.33333333333,327.333333333333,202.333333333333,124.666666666667,285.666666666667,237.666666666667,287.333333333333,235.666666666667,1483.66666666667,1802.33333333333,1216.33333333333,20413.6666666667,1747,1253,1723,1264.66666666667,100,18401,100,11.8654489517212,"Network #1614",0.019802436995647,4.89546463046304,16.6057667764938,78.4987685930432
"37","Network #5022","Dataset #179","mutualistic",37,79,0.0577063550036523,2.13513513513514,"Plant-pollinator network sampled in the Cap de Creus region, Spain; this site is invaded by Carpobrotus affine acinaciformis","10.1007/s00442-007-0946-1",2008,"ignasi bartomeus","https://doi.org/10.1007/s00442-007-0946-1","terrestrial",173,197.333333333333,50.3333333333333,6406,386,-6,392,251,106.333333333333,256,99,784,1117.66666666667,504.333333333333,21854.6666666667,1061.66666666667,539,1047,555.666666666667,102,14644.25,102,17,"Network #5022",2.17319615927069e-17,0,0,100
"38","Network #5024","Dataset #179","mutualistic",32,52,0.05078125,1.625,"Plant-pollinator network sampled in the Cap de Creus region, Spain; this site is invaded by Opuntia stricta","10.1007/s00442-007-0946-1",2008,"ignasi bartomeus","https://doi.org/10.1007/s00442-007-0946-1","terrestrial",160,217,52,6572.66666666667,385.333333333333,-34,419.333333333333,241.333333333333,90,245.333333333333,84.3333333333333,763,1111,470.666666666667,22815.6666666667,1052.66666666667,506.333333333333,1042,522,104,14527,104,30.5026359558105,"Network #5024",3.85206236797534e-17,0,0,100
"39","Network #5025","Dataset #179","mutualistic",29,38,0.0451843043995244,1.31034482758621,"Plant-pollinator network sampled in the Cap de Creus region, Spain","10.1007/s00442-007-0946-1",2008,"ignasi bartomeus","https://doi.org/10.1007/s00442-007-0946-1","terrestrial",173,197.333333333333,50.3333333333333,6406,386,-6,392,251,106.333333333333,256,99,784,1117.66666666667,504.333333333333,21854.6666666667,1061.66666666667,539,1047,555.666666666667,105,14644.25,105,20.427562713623,"Network #5025",2.80406020650381e-17,0,0,100
"40","Network #5026","Dataset #179","mutualistic",35,50,0.0408163265306122,1.42857142857143,"Plant-pollinator network sampled in the Cap de Creus region, Spain; this site is invaded by Opuntia stricta","10.1007/s00442-007-0946-1",2008,"ignasi bartomeus","https://doi.org/10.1007/s00442-007-0946-1","terrestrial",173,197.333333333333,50.3333333333333,6406,386,-6,392,251,106.333333333333,256,99,784,1117.66666666667,504.333333333333,21854.6666666667,1061.66666666667,539,1047,555.666666666667,106,14644.25,106,20.427562713623,"Network #5026",4.64496166397935e-17,0,0,100
"41","Network #1618","Dataset #167","mutualistic",30,37,0.0411111111111111,1.23333333333333,"Plant-pollinator system at two sites in Black River Gorges National Park, Mauritius","10.1111/j.1461-0248.2009.01437.x",2010,"kaiser-bunbury","https://onlinelibrary.wiley.com/doi/full/10.1111/j.1461-0248.2009.01437.x","terrestrial",262,62,48.6666666666667,2155.33333333333,327.333333333333,202.333333333333,124.666666666667,285.666666666667,237.666666666667,287.333333333333,235.666666666667,1483.66666666667,1802.33333333333,1216.33333333333,20413.6666666667,1747,1253,1723,1264.66666666667,107,18401,107,11.8654489517212,"Network #1618",0.0225692803503124,13.8124081172485,12.2851941478726,73.9023977348789
"42","Network #1619","Dataset #167","mutualistic",28,32,0.0408163265306122,1.14285714285714,"Plant-pollinator system at two sites in Black River Gorges National Park, Mauritius","10.1111/j.1461-0248.2009.01437.x",2010,"kaiser-bunbury","https://onlinelibrary.wiley.com/doi/full/10.1111/j.1461-0248.2009.01437.x","terrestrial",262,62,48.6666666666667,2155.33333333333,327.333333333333,202.333333333333,124.666666666667,285.666666666667,237.666666666667,287.333333333333,235.666666666667,1483.66666666667,1802.33333333333,1216.33333333333,20413.6666666667,1747,1253,1723,1264.66666666667,108,18401,108,11.8654489517212,"Network #1619",0.209784445963755,38.9126337208661,17.5475300359339,43.5398362432
"43","Network #1620","Dataset #167","mutualistic",44,64,0.0330578512396694,1.45454545454545,"Plant-pollinator system at two sites in Black River Gorges National Park, Mauritius","10.1111/j.1461-0248.2009.01437.x",2010,"kaiser-bunbury","https://onlinelibrary.wiley.com/doi/full/10.1111/j.1461-0248.2009.01437.x","terrestrial",262,62,48.6666666666667,2155.33333333333,327.333333333333,202.333333333333,124.666666666667,285.666666666667,237.666666666667,287.333333333333,235.666666666667,1483.66666666667,1802.33333333333,1216.33333333333,20413.6666666667,1747,1253,1723,1264.66666666667,109,18401,109,11.8654489517212,"Network #1620",0.0557951235412619,21.3295099839326,21.8592071950537,56.8112828210137
"44","Network #1605","Dataset #167","mutualistic",68,108,0.023356401384083,1.58823529411765,"Plant-pollinator system at two sites in Black River Gorges National Park, Mauritius","10.1111/j.1461-0248.2009.01437.x",2010,"kaiser-bunbury","https://onlinelibrary.wiley.com/doi/full/10.1111/j.1461-0248.2009.01437.x","terrestrial",262,62,48.6666666666667,2155.33333333333,327.333333333333,202.333333333333,124.666666666667,285.666666666667,237.666666666667,287.333333333333,235.666666666667,1483.66666666667,1802.33333333333,1216.33333333333,20413.6666666667,1747,1253,1723,1264.66666666667,110,18401,110,11.8654489517212,"Network #1605",0.00691990329963559,6.09770478305302,1.28827288829501,92.614022328652
"45","Network #1606","Dataset #167","mutualistic",47,72,0.0325939339067451,1.53191489361702,"Plant-pollinator system at two sites in Black River Gorges National Park, Mauritius","10.1111/j.1461-0248.2009.01437.x",2010,"kaiser-bunbury","https://onlinelibrary.wiley.com/doi/full/10.1111/j.1461-0248.2009.01437.x","terrestrial",262,62,48.6666666666667,2155.33333333333,327.333333333333,202.333333333333,124.666666666667,285.666666666667,237.666666666667,287.333333333333,235.666666666667,1483.66666666667,1802.33333333333,1216.33333333333,20413.6666666667,1747,1253,1723,1264.66666666667,111,18401,111,11.8654489517212,"Network #1606",0.0130839941668101,13.6099134789973,6.54146546997669,79.8486210510261
"46","Network #1676","Dataset #173","mutualistic",180,374,0.0115432098765432,2.07777777777778,"Mountain flora-pollinator interactions at Cass, New-Zealand","10.1080/0028825X.1983.10428561",1983,"richard b. primack","https://www.tandfonline.com/doi/pdf/10.1080/0028825X.1983.10428561","terrestrial",76.6666666666667,170.333333333333,58,4029,237.333333333333,-59,296.333333333333,124.333333333333,30,125.666666666667,27.3333333333333,653,897.666666666667,458.333333333333,14810,845.333333333333,488.666666666667,839.333333333333,494.666666666667,112,13934.5,112,7.53377723693848,"Network #1676",0.0537468558656471,22.9639074705304,33.486219948382,43.5498725810876
"47","Network #1653","Dataset #168","mutualistic",24,35,0.0607638888888889,1.45833333333333,"Plant-pollinator network on Mahé in the Seychelles, Indian Ocean","10.1890/14-0024.1 ",2014,"kaiser-bunbury","https://esajournals.onlinelibrary.wiley.com/doi/full/10.1890/14-0024.1","terrestrial",278.333333333333,29,48.6666666666667,1017,309.333333333333,249.666666666667,59.6666666666667,287.333333333333,269.333333333333,290,265,1780.66666666667,1905.66666666667,1662,7441.66666666667,1865.33333333333,1696.66666666667,1848.66666666667,1713.66666666667,113,20610.5,113,NA,"Network #1653",0.115890530729573,23.1766717540629,13.0977134591477,63.7256147867893
"48","Network #1654","Dataset #168","mutualistic",24,28,0.0486111111111111,1.16666666666667,"Plant-pollinator network on Mahé in the Seychelles, Indian Ocean","10.1890/14-0024.1 ",2014,"kaiser-bunbury","https://esajournals.onlinelibrary.wiley.com/doi/full/10.1890/14-0024.1","terrestrial",278.333333333333,29,48.6666666666667,1017,309.333333333333,249.666666666667,59.6666666666667,287.333333333333,269.333333333333,290,265,1780.66666666667,1905.66666666667,1662,7441.66666666667,1865.33333333333,1696.66666666667,1848.66666666667,1713.66666666667,114,20610.5,114,NA,"Network #1654",0.0982964443554661,21.2257906861958,15.7648780645713,63.0093312492329
"49","Network #1655","Dataset #168","mutualistic",8,6,0.09375,0.75,"Plant-pollinator network on Mahé in the Seychelles, Indian Ocean","10.1890/14-0024.1 ",2014,"kaiser-bunbury","https://esajournals.onlinelibrary.wiley.com/doi/full/10.1890/14-0024.1","terrestrial",278.333333333333,29,48.6666666666667,1017,309.333333333333,249.666666666667,59.6666666666667,287.333333333333,269.333333333333,290,265,1780.66666666667,1905.66666666667,1662,7441.66666666667,1865.33333333333,1696.66666666667,1848.66666666667,1713.66666666667,115,20610.5,115,NA,"Network #1655",0.429869269522571,79.1584330174853,7.02834845460328,13.8132185279114
"50","Network #1656","Dataset #168","mutualistic",10,9,0.09,0.9,"Plant-pollinator network on Mahé in the Seychelles, Indian Ocean","10.1890/14-0024.1 ",2014,"kaiser-bunbury","https://esajournals.onlinelibrary.wiley.com/doi/full/10.1890/14-0024.1","terrestrial",278.333333333333,29,48.6666666666667,1017,309.333333333333,249.666666666667,59.6666666666667,287.333333333333,269.333333333333,290,265,1780.66666666667,1905.66666666667,1662,7441.66666666667,1865.33333333333,1696.66666666667,1848.66666666667,1713.66666666667,116,20610.5,116,NA,"Network #1656",0.0992978656551508,25.2467102681819,10.3123300307213,64.4409597010968
"51","Network #1657","Dataset #168","mutualistic",22,19,0.0392561983471074,0.863636363636364,"Plant-pollinator network on Mahé in the Seychelles, Indian Ocean","10.1890/14-0024.1 ",2014,"kaiser-bunbury","https://esajournals.onlinelibrary.wiley.com/doi/full/10.1890/14-0024.1","terrestrial",278.333333333333,29,48.6666666666667,1017,309.333333333333,249.666666666667,59.6666666666667,287.333333333333,269.333333333333,290,265,1780.66666666667,1905.66666666667,1662,7441.66666666667,1865.33333333333,1696.66666666667,1848.66666666667,1713.66666666667,117,20610.5,117,NA,"Network #1657",0.00906480705226413,3.39939713361015e-29,16.0026476591881,83.9973523408118
"52","Network #1658","Dataset #168","mutualistic",24,31,0.0538194444444444,1.29166666666667,"Plant-pollinator network on Mahé in the Seychelles, Indian Ocean","10.1890/14-0024.1 ",2014,"kaiser-bunbury","https://esajournals.onlinelibrary.wiley.com/doi/full/10.1890/14-0024.1","terrestrial",278.333333333333,29,48.6666666666667,1017,309.333333333333,249.666666666667,59.6666666666667,287.333333333333,269.333333333333,290,265,1780.66666666667,1905.66666666667,1662,7441.66666666667,1865.33333333333,1696.66666666667,1848.66666666667,1713.66666666667,118,20610.5,118,NA,"Network #1658",0.0541363363461306,17.8180618959761,14.1956957620226,67.9862423420013
"53","Network #949","Dataset #69","mutualistic",185,372,0.0108692476260044,2.01081081081081,"Plant-polinator interaction in subandean scrub in the Andrean zone on the Cordon del Cepo in central Chile","10.2307/2442833",1982,"arroyo","http://www.jstor.org/stable/2442833","terrestrial",135.666666666667,264.666666666667,61.6666666666667,5488.66666666667,345,-86,431,187.666666666667,87,201.333333333333,69.3333333333333,457,583.333333333333,351.333333333333,7342,540.666666666667,384,524.333333333333,397.333333333333,119,16673.6666666667,119,8.32347774505615,"Network #949",0.0039588375283408,15.241256053653,9.92899998088964,74.8297439654574
"54","Network #5019","Dataset #179","mutualistic",32,59,0.0576171875,1.84375,"Plant-pollinator network sampled in the Cap de Creus region, Spain","10.1007/s00442-007-0946-1",2008,"ignasi bartomeus","https://doi.org/10.1007/s00442-007-0946-1","terrestrial",173,197.333333333333,50.3333333333333,6406,386,-6,392,251,106.333333333333,256,99,784,1117.66666666667,504.333333333333,21854.6666666667,1061.66666666667,539,1047,555.666666666667,121,14644.25,121,NA,"Network #5019",2.17459978595664e-17,0,0,100
"55","Network #5020","Dataset #179","mutualistic",55,114,0.0376859504132231,2.07272727272727,"Plant-pollinator network sampled in the Cap de Creus region, Spain; this site is invaded by Carpobrotus affine acinaciformis","10.1007/s00442-007-0946-1",2008,"ignasi bartomeus","https://doi.org/10.1007/s00442-007-0946-1","terrestrial",173,197.333333333333,50.3333333333333,6406,386,-6,392,251,106.333333333333,256,99,784,1117.66666666667,504.333333333333,21854.6666666667,1061.66666666667,539,1047,555.666666666667,122,14644.25,122,13.5604696273804,"Network #5020",3.15398685445963e-17,0,0,100
"56","Network #5021","Dataset #179","mutualistic",37,66,0.0482103725346969,1.78378378378378,"Plant-pollinator network sampled in the Cap de Creus region, Spain","10.1007/s00442-007-0946-1",2008,"ignasi bartomeus","https://doi.org/10.1007/s00442-007-0946-1","terrestrial",173,197.333333333333,50.3333333333333,6406,386,-6,392,251,106.333333333333,256,99,784,1117.66666666667,504.333333333333,21854.6666666667,1061.66666666667,539,1047,555.666666666667,123,14644.25,123,17,"Network #5021",2.04446475170199e-17,0,0,100
"57","Network #1672","Dataset #170","mutualistic",85,500,0.069204152249135,5.88235294117647,"Bird-fruit interaction in a lowland rain forest, Malaysia","10.1017/s0266467400003850",1989,"lambert","https://www.jstor.org/stable/pdf/2559409.pdf?refreqid=excelsior%3A72357767be7dcb8f484b6520a19a615f","terrestrial",256,96,79.6666666666667,524.666666666667,315.666666666667,195.333333333333,120.666666666667,260.333333333333,251,261.333333333333,250.333333333333,1766.66666666667,1870.66666666667,1659.33333333333,6098,1837,1700.33333333333,1820.66666666667,1708.66666666667,124,16081.75,124,7.45296478271484,"Network #1672",0.0113079297028406,46.9610661643113,0.630244367210617,52.4086894684781
"58","Network #1673","Dataset #171","mutualistic",61,66,0.0177371674281107,1.08196721311475,"Bird-fruit interaction at Crater Mountain Biological Research Station, Papua New Guinea","10.1071/mu9960089",1996,"mack and wright","https://www.tandfonline.com/doi/abs/10.1071/MU9960089","terrestrial",220.666666666667,87.3333333333333,71.3333333333333,825.333333333333,278.666666666667,155.666666666667,123.333333333333,227,213,229,211.333333333333,1600,1702,1466.66666666667,6908.66666666667,1666,1523.33333333333,1648.33333333333,1538,125,15949,125,8.8825216293335,"Network #1673",0.00689970878635534,12.1185879208413,0.000329529574180203,87.8810825495845
"59","Network #934","Dataset #62","mutualistic",27,52,0.0713305898491084,1.92592592592593,"Pollination networks of the Mauritian Ile aux Aigrettes","10.1046/j.1472-4642.2002.00148.x",2002,"olesen","https://onlinelibrary.wiley.com/doi/abs/10.1046/j.1472-4642.2002.00148.x","terrestrial",265.666666666667,71,51.6666666666667,2243,339,200.333333333333,138.666666666667,289.666666666667,240.333333333333,292.333333333333,238,1459.33333333333,1776.66666666667,1192,20333.6666666667,1722.33333333333,1230.33333333333,1691,1244.33333333333,130,18571.1666666667,130,NA,"Network #934",0.0286875709338187,34.8803743007824,7.43723076778416,57.6823949314334
"60","Network #935","Dataset #62","mutualistic",22,30,0.0619834710743802,1.36363636363636,"Pollination networks of the Azorean Flores island","10.1046/j.1472-4642.2002.00148.x",2002,"olesen","https://onlinelibrary.wiley.com/doi/abs/10.1046/j.1472-4642.2002.00148.x","terrestrial",190,62.3333333333333,39.3333333333333,3310.66666666667,278.333333333333,118.666666666667,159.333333333333,234.333333333333,156,235,155,1082.66666666667,1410.33333333333,859.333333333333,19483,1357,879.666666666667,1354.66666666667,883.666666666667,131,13219,131,NA,"Network #935",0.0202321253054955,27.8290712013836,2.09516065573511,70.0757681428813
"61","Network #1675","Dataset #173","mutualistic",78,120,0.019723865877712,1.53846153846154,"Mountain flora-pollinator interactions at Arthurs pass, New-Zealand","10.1080/0028825X.1983.10428561",1983,"richard b. primack","https://www.tandfonline.com/doi/pdf/10.1080/0028825X.1983.10428561","terrestrial",82.3333333333333,160.666666666667,58.3333333333333,3797,230.333333333333,-47.6666666666667,278,127,39,128.333333333333,35.3333333333333,664.666666666667,901,478.333333333333,14223.6666666667,851.666666666667,508.666666666667,844.333333333333,516.666666666667,132,13639.8333333333,132,14.68665599823,"Network #1675",0.0530445314402833,6.46928616720553,19.2526636794884,74.2780501533061
"62","Network #1616","Dataset #167","mutualistic",48,75,0.0325520833333333,1.5625,"Plant-pollinator system at two sites in Black River Gorges National Park, Mauritius","10.1111/j.1461-0248.2009.01437.x",2010,"kaiser-bunbury","https://onlinelibrary.wiley.com/doi/full/10.1111/j.1461-0248.2009.01437.x","terrestrial",262,62,48.6666666666667,2155.33333333333,327.333333333333,202.333333333333,124.666666666667,285.666666666667,237.666666666667,287.333333333333,235.666666666667,1483.66666666667,1802.33333333333,1216.33333333333,20413.6666666667,1747,1253,1723,1264.66666666667,133,18401,133,11.8654489517212,"Network #1616",0.00275786193528006,2.51403005752352e-28,10.0037508321606,89.9962491678394
"63","Network #1617","Dataset #167","mutualistic",31,41,0.0426638917793965,1.32258064516129,"Plant-pollinator system at two sites in Black River Gorges National Park, Mauritius","10.1111/j.1461-0248.2009.01437.x",2010,"kaiser-bunbury","https://onlinelibrary.wiley.com/doi/full/10.1111/j.1461-0248.2009.01437.x","terrestrial",262,62,48.6666666666667,2155.33333333333,327.333333333333,202.333333333333,124.666666666667,285.666666666667,237.666666666667,287.333333333333,235.666666666667,1483.66666666667,1802.33333333333,1216.33333333333,20413.6666666667,1747,1253,1723,1264.66666666667,134,18401,134,11.8654489517212,"Network #1617",0.037824781906844,32.9638935233332,12.0508540434695,54.9852524331973
"64","Network #1610","Dataset #167","mutualistic",37,60,0.043827611395179,1.62162162162162,"Plant-pollinator system at two sites in Black River Gorges National Park, Mauritius","10.1111/j.1461-0248.2009.01437.x",2010,"kaiser-bunbury","https://onlinelibrary.wiley.com/doi/full/10.1111/j.1461-0248.2009.01437.x","terrestrial",262,62,48.6666666666667,2155.33333333333,327.333333333333,202.333333333333,124.666666666667,285.666666666667,237.666666666667,287.333333333333,235.666666666667,1483.66666666667,1802.33333333333,1216.33333333333,20413.6666666667,1747,1253,1723,1264.66666666667,139,18401,139,11.8654489517212,"Network #1610",0.0427365757372602,10.0512555819982,14.4818345380588,75.466909879943
"65","Network #1611","Dataset #167","mutualistic",38,48,0.0332409972299169,1.26315789473684,"Plant-pollinator system at two sites in Black River Gorges National Park, Mauritius","10.1111/j.1461-0248.2009.01437.x",2010,"kaiser-bunbury","https://onlinelibrary.wiley.com/doi/full/10.1111/j.1461-0248.2009.01437.x","terrestrial",262,62,48.6666666666667,2155.33333333333,327.333333333333,202.333333333333,124.666666666667,285.666666666667,237.666666666667,287.333333333333,235.666666666667,1483.66666666667,1802.33333333333,1216.33333333333,20413.6666666667,1747,1253,1723,1264.66666666667,140,18401,140,11.8654489517212,"Network #1611",0.258595801580001,44.5646764438347,19.3534113399093,36.0819122162559
"66","Network #1668","Dataset #168","mutualistic",34,45,0.0389273356401384,1.32352941176471,"Plant-pollinator network on Mahé in the Seychelles, Indian Ocean","10.1890/14-0024.1 ",2014,"kaiser-bunbury","https://esajournals.onlinelibrary.wiley.com/doi/full/10.1890/14-0024.1","terrestrial",278.333333333333,29,48.6666666666667,1017,309.333333333333,249.666666666667,59.6666666666667,287.333333333333,269.333333333333,290,265,1780.66666666667,1905.66666666667,1662,7441.66666666667,1865.33333333333,1696.66666666667,1848.66666666667,1713.66666666667,141,20610.5,141,NA,"Network #1668",0.0408185520145138,58.7836076259965,0.347878498222219,40.8685138757813
"67","Network #1674","Dataset #172","mutualistic",18,25,0.0771604938271605,1.38888888888889,"Plant-pollinator network in a pahoehoe lava desert of the Galapagos Islands","10.1111/j.0906-7590.2006.04546.x",2006,"philipp","https://onlinelibrary.wiley.com/doi/full/10.1111/j.0906-7590.2006.04546.x","terrestrial",275.666666666667,109.333333333333,65.3333333333333,1981.66666666667,365.333333333333,196,169,300,256.666666666667,302.333333333333,254.333333333333,1388,1636.33333333333,1172.66666666667,16263.6666666667,1589.33333333333,1204.33333333333,1577,1232,142,14967.5,142,NA,"Network #1674",0.146936348237071,52.8635394782219,6.55192703043434,40.5845334913437
"68","Network #1664","Dataset #168","mutualistic",17,16,0.055363321799308,0.941176470588235,"Plant-pollinator network on Mahé in the Seychelles, Indian Ocean","10.1890/14-0024.1 ",2014,"kaiser-bunbury","https://esajournals.onlinelibrary.wiley.com/doi/full/10.1890/14-0024.1","terrestrial",278.333333333333,29,48.6666666666667,1017,309.333333333333,249.666666666667,59.6666666666667,287.333333333333,269.333333333333,290,265,1780.66666666667,1905.66666666667,1662,7441.66666666667,1865.33333333333,1696.66666666667,1848.66666666667,1713.66666666667,143,20610.5,143,NA,"Network #1664",0.0533187855937398,7.85248794481966,10.480225762676,81.6672862925043
"69","Network #1644","Dataset #168","mutualistic",28,28,0.0357142857142857,1,"Plant-pollinator network on Mahé in the Seychelles, Indian Ocean","10.1890/14-0024.1 ",2014,"kaiser-bunbury","https://esajournals.onlinelibrary.wiley.com/doi/full/10.1890/14-0024.1","terrestrial",278.333333333333,29,48.6666666666667,1017,309.333333333333,249.666666666667,59.6666666666667,287.333333333333,269.333333333333,290,265,1780.66666666667,1905.66666666667,1662,7441.66666666667,1865.33333333333,1696.66666666667,1848.66666666667,1713.66666666667,144,20610.5,144,NA,"Network #1644",0.036650362604068,6.18704300593587,10.8599837733822,82.9529732206819
"70","Network #1645","Dataset #168","mutualistic",36,45,0.0347222222222222,1.25,"Plant-pollinator network on Mahé in the Seychelles, Indian Ocean","10.1890/14-0024.1 ",2014,"kaiser-bunbury","https://esajournals.onlinelibrary.wiley.com/doi/full/10.1890/14-0024.1","terrestrial",278.333333333333,29,48.6666666666667,1017,309.333333333333,249.666666666667,59.6666666666667,287.333333333333,269.333333333333,290,265,1780.66666666667,1905.66666666667,1662,7441.66666666667,1865.33333333333,1696.66666666667,1848.66666666667,1713.66666666667,145,20610.5,145,NA,"Network #1645",0.0540400125553091,10.8874647047253,17.8940063958838,71.2185288993909
"71","Network #23","Dataset #8","mutualistic",19,20,0.0554016620498615,1.05263157894737,"Pollination of a bromeliad community in the high montane Atlantic rain forest in Paran? state, Brazil","10.1590/s0100-84042005000200003",2005,"kaehler","http://www.scielo.br/pdf/rbb/v28n2/a03v28n2.pdf","terrestrial",201.333333333333,187,62.3333333333333,3090.66666666667,336.333333333333,35.6666666666667,300.666666666667,230.333333333333,163,233,160.666666666667,1221.33333333333,1629.33333333333,830.666666666667,27157.6666666667,1555,894.333333333333,1504.33333333333,913.333333333333,146,13329.25,146,5.77224063873291,"Network #23",0.0363761081021561,20.1086676781874,9.89356582587914,69.9977664959335
"72","Network #1600","Dataset #167","mutualistic",50,107,0.0428,2.14,"Plant-pollinator system at two sites in Black River Gorges National Park, Mauritius","10.1111/j.1461-0248.2009.01437.x",2010,"kaiser-bunbury","https://onlinelibrary.wiley.com/doi/full/10.1111/j.1461-0248.2009.01437.x","terrestrial",262,62,48.6666666666667,2155.33333333333,327.333333333333,202.333333333333,124.666666666667,285.666666666667,237.666666666667,287.333333333333,235.666666666667,1483.66666666667,1802.33333333333,1216.33333333333,20413.6666666667,1747,1253,1723,1264.66666666667,147,18401,147,11.8654489517212,"Network #1600",0.11580114785805,50.9817305185012,12.6927268321756,36.3255426493232
"73","Network #1621","Dataset #167","mutualistic",39,57,0.0374753451676529,1.46153846153846,"Plant-pollinator system at two sites in Black River Gorges National Park, Mauritius","10.1111/j.1461-0248.2009.01437.x",2010,"kaiser-bunbury","https://onlinelibrary.wiley.com/doi/full/10.1111/j.1461-0248.2009.01437.x","terrestrial",262,62,48.6666666666667,2155.33333333333,327.333333333333,202.333333333333,124.666666666667,285.666666666667,237.666666666667,287.333333333333,235.666666666667,1483.66666666667,1802.33333333333,1216.33333333333,20413.6666666667,1747,1253,1723,1264.66666666667,148,18401,148,11.8654489517212,"Network #1621",0.0505142078381342,23.6937973141501,19.7054058488807,56.6007968369691
"74","Network #1622","Dataset #167","mutualistic",38,46,0.0318559556786704,1.21052631578947,"Plant-pollinator system at two sites in Black River Gorges National Park, Mauritius","10.1111/j.1461-0248.2009.01437.x",2010,"kaiser-bunbury","https://onlinelibrary.wiley.com/doi/full/10.1111/j.1461-0248.2009.01437.x","terrestrial",262,62,48.6666666666667,2155.33333333333,327.333333333333,202.333333333333,124.666666666667,285.666666666667,237.666666666667,287.333333333333,235.666666666667,1483.66666666667,1802.33333333333,1216.33333333333,20413.6666666667,1747,1253,1723,1264.66666666667,149,18401,149,11.8654489517212,"Network #1622",0.0380690126586238,22.2842120373808,9.29449422041723,68.421293742202
"75","Network #2462","Dataset #175","mutualistic",393,589,0.00381355657854696,1.49872773536896,"Interactions of a plant-pollinator community in a grassland ecosystem at Mt. Yufu, Western Japan","2433/156407",2003,"yamazaki","https://repository.kulib.kyoto-u.ac.jp/dspace/handle/2433/156407","terrestrial",181.333333333333,187,46,7890.66666666667,383.333333333333,-24.6666666666667,407,277.666666666667,88.3333333333333,279,86,1056.33333333333,1695.33333333333,575.666666666667,38865.6666666667,1584.66666666667,636.666666666667,1575,643.666666666667,150,13491.25,150,10.8946914672852,"Network #2462",0.11696914592969,29.8495754717294,37.4288372032368,32.7215873250338
"76","Network #5015","Dataset #179","mutualistic",34,49,0.0423875432525952,1.44117647058824,"Plant-pollinator network sampled in the Cap de Creus region, Spain","10.1007/s00442-007-0946-1",2008,"ignasi bartomeus","https://doi.org/10.1007/s00442-007-0946-1","terrestrial",160,217,52,6572.66666666667,385.333333333333,-34,419.333333333333,241.333333333333,90,245.333333333333,84.3333333333333,763,1111,470.666666666667,22815.6666666667,1052.66666666667,506.333333333333,1042,522,155,14626,155,NA,"Network #5015",4.1979051454189e-17,0,0,100
"77","Network #1652","Dataset #168","mutualistic",20,30,0.075,1.5,"Plant-pollinator network on Mahé in the Seychelles, Indian Ocean","10.1890/14-0024.1 ",2014,"kaiser-bunbury","https://esajournals.onlinelibrary.wiley.com/doi/full/10.1890/14-0024.1","terrestrial",278.333333333333,29,48.6666666666667,1017,309.333333333333,249.666666666667,59.6666666666667,287.333333333333,269.333333333333,290,265,1780.66666666667,1905.66666666667,1662,7441.66666666667,1865.33333333333,1696.66666666667,1848.66666666667,1713.66666666667,156,20610.5,156,NA,"Network #1652",0.0178571428571431,1.72563323017094e-29,14.5087322450417,85.4912677549583
"78","Network #1630","Dataset #168","mutualistic",25,35,0.056,1.4,"Plant-pollinator network on Mahé in the Seychelles, Indian Ocean","10.1890/14-0024.1 ",2014,"kaiser-bunbury","https://esajournals.onlinelibrary.wiley.com/doi/full/10.1890/14-0024.1","terrestrial",278.333333333333,29,48.6666666666667,1017,309.333333333333,249.666666666667,59.6666666666667,287.333333333333,269.333333333333,290,265,1780.66666666667,1905.66666666667,1662,7441.66666666667,1865.33333333333,1696.66666666667,1848.66666666667,1713.66666666667,157,20610.5,157,NA,"Network #1630",0.089756459406134,22.7372641482686,17.7956144445486,59.4671214071828
"79","Network #1631","Dataset #168","mutualistic",16,15,0.05859375,0.9375,"Plant-pollinator network on Mahé in the Seychelles, Indian Ocean","10.1890/14-0024.1 ",2014,"kaiser-bunbury","https://esajournals.onlinelibrary.wiley.com/doi/full/10.1890/14-0024.1","terrestrial",278.333333333333,29,48.6666666666667,1017,309.333333333333,249.666666666667,59.6666666666667,287.333333333333,269.333333333333,290,265,1780.66666666667,1905.66666666667,1662,7441.66666666667,1865.33333333333,1696.66666666667,1848.66666666667,1713.66666666667,158,20610.5,158,NA,"Network #1631",0.157297953963389,66.2915002921023,0.0081249888451501,33.7003747190525
"80","Network #1632","Dataset #168","mutualistic",19,20,0.0554016620498615,1.05263157894737,"Plant-pollinator network on Mahé in the Seychelles, Indian Ocean","10.1890/14-0024.1 ",2014,"kaiser-bunbury","https://esajournals.onlinelibrary.wiley.com/doi/full/10.1890/14-0024.1","terrestrial",278.333333333333,29,48.6666666666667,1017,309.333333333333,249.666666666667,59.6666666666667,287.333333333333,269.333333333333,290,265,1780.66666666667,1905.66666666667,1662,7441.66666666667,1865.33333333333,1696.66666666667,1848.66666666667,1713.66666666667,159,20610.5,159,NA,"Network #1632",0.163389563660748,40.2918979387067,8.08514081579348,51.6229612454998
"81","Network #1633","Dataset #168","mutualistic",18,17,0.0524691358024691,0.944444444444444,"Plant-pollinator network on Mahé in the Seychelles, Indian Ocean","10.1890/14-0024.1 ",2014,"kaiser-bunbury","https://esajournals.onlinelibrary.wiley.com/doi/full/10.1890/14-0024.1","terrestrial",278.333333333333,29,48.6666666666667,1017,309.333333333333,249.666666666667,59.6666666666667,287.333333333333,269.333333333333,290,265,1780.66666666667,1905.66666666667,1662,7441.66666666667,1865.33333333333,1696.66666666667,1848.66666666667,1713.66666666667,160,20610.5,160,NA,"Network #1633",0.118917147251886,36.4983341602062,7.66963060475503,55.8320352350387
"82","Network #1641","Dataset #168","mutualistic",32,44,0.04296875,1.375,"Plant-pollinator network on Mahé in the Seychelles, Indian Ocean","10.1890/14-0024.1 ",2014,"kaiser-bunbury","https://esajournals.onlinelibrary.wiley.com/doi/full/10.1890/14-0024.1","terrestrial",278.333333333333,29,48.6666666666667,1017,309.333333333333,249.666666666667,59.6666666666667,287.333333333333,269.333333333333,290,265,1780.66666666667,1905.66666666667,1662,7441.66666666667,1865.33333333333,1696.66666666667,1848.66666666667,1713.66666666667,161,20610.5,161,NA,"Network #1641",0.0238784648681731,4.55675660994792,11.1257231832082,84.3175202068439
"83","Network #1642","Dataset #168","mutualistic",25,25,0.04,1,"Plant-pollinator network on Mahé in the Seychelles, Indian Ocean","10.1890/14-0024.1 ",2014,"kaiser-bunbury","https://esajournals.onlinelibrary.wiley.com/doi/full/10.1890/14-0024.1","terrestrial",278.333333333333,29,48.6666666666667,1017,309.333333333333,249.666666666667,59.6666666666667,287.333333333333,269.333333333333,290,265,1780.66666666667,1905.66666666667,1662,7441.66666666667,1865.33333333333,1696.66666666667,1848.66666666667,1713.66666666667,162,20610.5,162,NA,"Network #1642",0.0176363346032177,12.8573977935949,5.86129858578564,81.2813036206195
"84","Network #1643","Dataset #168","mutualistic",29,43,0.0511296076099881,1.48275862068966,"Plant-pollinator network on Mahé in the Seychelles, Indian Ocean","10.1890/14-0024.1 ",2014,"kaiser-bunbury","https://esajournals.onlinelibrary.wiley.com/doi/full/10.1890/14-0024.1","terrestrial",278.333333333333,29,48.6666666666667,1017,309.333333333333,249.666666666667,59.6666666666667,287.333333333333,269.333333333333,290,265,1780.66666666667,1905.66666666667,1662,7441.66666666667,1865.33333333333,1696.66666666667,1848.66666666667,1713.66666666667,163,20610.5,163,NA,"Network #1643",0.011303886805201,0,6.77374034529685,93.2262596547032
"85","Network #1651","Dataset #168","mutualistic",26,39,0.0576923076923077,1.5,"Plant-pollinator network on Mahé in the Seychelles, Indian Ocean","10.1890/14-0024.1 ",2014,"kaiser-bunbury","https://esajournals.onlinelibrary.wiley.com/doi/full/10.1890/14-0024.1","terrestrial",278.333333333333,29,48.6666666666667,1017,309.333333333333,249.666666666667,59.6666666666667,287.333333333333,269.333333333333,290,265,1780.66666666667,1905.66666666667,1662,7441.66666666667,1865.33333333333,1696.66666666667,1848.66666666667,1713.66666666667,164,20610.5,164,NA,"Network #1651",0.0379313208720202,10.2982177003001,14.0102055110898,75.6915767886101
"86","Network #1609","Dataset #167","mutualistic",34,43,0.03719723183391,1.26470588235294,"Plant-pollinator system at two sites in Black River Gorges National Park, Mauritius","10.1111/j.1461-0248.2009.01437.x",2010,"kaiser-bunbury","https://onlinelibrary.wiley.com/doi/full/10.1111/j.1461-0248.2009.01437.x","terrestrial",262,62,48.6666666666667,2155.33333333333,327.333333333333,202.333333333333,124.666666666667,285.666666666667,237.666666666667,287.333333333333,235.666666666667,1483.66666666667,1802.33333333333,1216.33333333333,20413.6666666667,1747,1253,1723,1264.66666666667,165,18401,165,11.8654489517212,"Network #1609",0.0592319656652889,49.6957911066985,6.79241647914312,43.5117924141584
"87","Network #1604","Dataset #167","mutualistic",71,96,0.0190438405078357,1.35211267605634,"Plant-pollinator system at two sites in Black River Gorges National Park, Mauritius","10.1111/j.1461-0248.2009.01437.x",2010,"kaiser-bunbury","https://onlinelibrary.wiley.com/doi/full/10.1111/j.1461-0248.2009.01437.x","terrestrial",262,62,48.6666666666667,2155.33333333333,327.333333333333,202.333333333333,124.666666666667,285.666666666667,237.666666666667,287.333333333333,235.666666666667,1483.66666666667,1802.33333333333,1216.33333333333,20413.6666666667,1747,1253,1723,1264.66666666667,166,18401,166,11.8654489517212,"Network #1604",0.0246634315145501,18.1041198681176,16.2374113587326,65.6584687731498
"88","Network #1601","Dataset #167","mutualistic",58,130,0.0386444708680143,2.24137931034483,"Plant-pollinator system at two sites in Black River Gorges National Park, Mauritius","10.1111/j.1461-0248.2009.01437.x",2010,"kaiser-bunbury","https://onlinelibrary.wiley.com/doi/full/10.1111/j.1461-0248.2009.01437.x","terrestrial",262,62,48.6666666666667,2155.33333333333,327.333333333333,202.333333333333,124.666666666667,285.666666666667,237.666666666667,287.333333333333,235.666666666667,1483.66666666667,1802.33333333333,1216.33333333333,20413.6666666667,1747,1253,1723,1264.66666666667,167,18401,167,11.8654489517212,"Network #1601",0.00754212675436084,3.5000970326217,4.57352492925449,91.9263780381238
"89","Network #1659","Dataset #168","mutualistic",30,43,0.0477777777777778,1.43333333333333,"Plant-pollinator network on Mahé in the Seychelles, Indian Ocean","10.1890/14-0024.1 ",2014,"kaiser-bunbury","https://esajournals.onlinelibrary.wiley.com/doi/full/10.1890/14-0024.1","terrestrial",278.333333333333,29,48.6666666666667,1017,309.333333333333,249.666666666667,59.6666666666667,287.333333333333,269.333333333333,290,265,1780.66666666667,1905.66666666667,1662,7441.66666666667,1865.33333333333,1696.66666666667,1848.66666666667,1713.66666666667,168,20610.5,168,NA,"Network #1659",0.0167038781342708,6.83787102710988,5.12102450578727,88.0411044671029
"90","Network #1660","Dataset #168","mutualistic",33,49,0.0449954086317723,1.48484848484848,"Plant-pollinator network on Mahé in the Seychelles, Indian Ocean","10.1890/14-0024.1 ",2014,"kaiser-bunbury","https://esajournals.onlinelibrary.wiley.com/doi/full/10.1890/14-0024.1","terrestrial",278.333333333333,29,48.6666666666667,1017,309.333333333333,249.666666666667,59.6666666666667,287.333333333333,269.333333333333,290,265,1780.66666666667,1905.66666666667,1662,7441.66666666667,1865.33333333333,1696.66666666667,1848.66666666667,1713.66666666667,169,20610.5,169,NA,"Network #1660",0.0478327550131161,22.4105206333009,15.8477951913101,61.741684175389
"91","Network #1677","Dataset #173","mutualistic",167,346,0.0124063250744021,2.07185628742515,"Mountain flora-pollinator interactions at Craigieburn, New-Zealand","10.1080/0028825X.1983.10428561",1983,"richard b. primack","https://www.tandfonline.com/doi/pdf/10.1080/0028825X.1983.10428561","terrestrial",76.6666666666667,170.333333333333,58,4029,237.333333333333,-59,296.333333333333,124.333333333333,30,125.666666666667,27.3333333333333,653,897.666666666667,458.333333333333,14810,845.333333333333,488.666666666667,839.333333333333,494.666666666667,170,13934.5,170,2,"Network #1677",0.0154022538725447,12.545341038659,27.6292282018896,59.8254307594514
"92","Network #1607","Dataset #167","mutualistic",58,78,0.0231866825208086,1.3448275862069,"Plant-pollinator system at two sites in Black River Gorges National Park, Mauritius","10.1111/j.1461-0248.2009.01437.x",2010,"kaiser-bunbury","https://onlinelibrary.wiley.com/doi/full/10.1111/j.1461-0248.2009.01437.x","terrestrial",262,62,48.6666666666667,2155.33333333333,327.333333333333,202.333333333333,124.666666666667,285.666666666667,237.666666666667,287.333333333333,235.666666666667,1483.66666666667,1802.33333333333,1216.33333333333,20413.6666666667,1747,1253,1723,1264.66666666667,171,18401,171,11.8654489517212,"Network #1607",0.0360809697316467,12.439632191503,19.2312740970235,68.3290937114735
"93","Network #950","Dataset #69","mutualistic",105,199,0.0180498866213152,1.8952380952381,"Plant-polinator interaction of cushion-plant in the Andrean zone on the Cordon del Cepo in central Chile","10.2307/2442833",1982,"arroyo","http://www.jstor.org/stable/2442833","terrestrial",135.666666666667,264.666666666667,61.6666666666667,5488.66666666667,345,-86,431,187.666666666667,87,201.333333333333,69.3333333333333,457,583.333333333333,351.333333333333,7342,540.666666666667,384,524.333333333333,397.333333333333,178,16673.6666666667,178,8.32347774505615,"Network #950",0.0102917359353263,36.6478190787022,1.79451312408088,61.557667797217
